pdf	pages	text_chars	first_line
06-138JO.pdf	24	139150	                    N° 24                                                      Dimanche 17 Rabie El Aouel 1427 
20sep831.pdf	40	40	
20sep832.pdf	40	40	
21-430.pdf	28	175641	                         N° 85                                                               Dimanche 2 Rabie Ethani 1443 
22-167.pdf	23	130325	                         N° 29                                                              Dimanche 23 Ramadhan 1443 
Arrêtéintermin.du31août1983(équipementvéhiculesGPLC).pdf	30	30	
Arrêtéinterministérieldu20septembre1983(stationsdistributionGPL).pdf	40	40	
Arrêtéinterministérieldu21novembre1999.pdf	3	3	
Arrêtéinterministérieldu2Moharram1438correspondantau4octobre2016fixantlescritèresmicrobiologiquesdesdenréesalimentaires.pdf	22	95767	8 Chaoual 1438 
Arrêtéinterministérieldu9DhouElKaâda1446correspondantau7mai2025fixantlesconditionsparticulièresd’hygièneetdesalubritéapplicablesdanslesétablissementsderestauration.pdf	5	35911	                                                                                                                 17 Moharram 1447 
Decret06-198.pdf	7	42909	                   JOURNAL OFFICIEL DE LA REPUBLIQUE ALGERIENNE N° 37                              8 Joumada El Oula 1427 
Decret17-140.pdf	31	207744	     ‫اﻷﺣﺪ ‪ 19‬رﺟﺐ ﻋﺎم ‪ 1438‬ﻫـ‬                                                             ‫اﻟﻌﺪد ‪24‬‬ 
Décret02-427.pdf	24	157570	                    N°° 82                                                               Mercredi 7 Chaoual 1423 
Décret04-82.pdf	30	145796	                    N°° 17                                                        Dimanche 29 Moharram 1425 
Décret06-138.pdf	13	25654	 Décret exécutif n° 2006-138 du 16 Rabie El Aouel 1427 correspondant 
Décret07-144.pdf	102	305520	5 Joumada El Oula 1428                                                                                                       3 
Décret09-335.pdf	5	15660	Décret exécutif n° 09-335 du Aouel Dhou El Kaada 1430 correspondant 
Décret76-35.pdf	3	3	
Décret83-496.pdf	48	48	
Décret90-245du18août1990(appareilsàpressiondegaz).pdf	32	32	
LOI04-08.pdf	5	31986	                                                                                                            2 Rajab 1425 
LOI90-11.pdf	29	70067	Loi n° 90-11 du 21 avril 1990 relative aux relations de travail. 
Loi-03-10.pdf	28	90662	Loi n° 2003-10 du 19 Joumada El Oula 1424 correspondant au 19 juillet 
Loi01-19.pdf	14	43560	 Loi n° 2001-19 du 27 Ramadhan 1422 correspondant au 12 décembre 
Loi04-20.pdf	17	52197	Loi n° 04-20 du 13 Dhou El Kaada 1425 correspondant au 25 décembre 
Loi09-03_frarticle.pdf	193	975954	  République Algérien Démocratique et Populaire 
arrete-interministeriel-2011-02-06-permis-construire-energie.pdf	5	29191	13 Joumada El Oula 1432   JOURNAL OFFICIEL DE LA REPUBLIQUE ALGERIENNE N° 23 
dec21-261.pdf	14	93874	11 Dhou El Kaâda 1442            JOURNAL OFFICIEL DE LA REPUBLIQUE ALGERIENNE N° 49                                            3 
decret-25-63-plans-intervention-catastrophes.pdf	5	32779	                                                                                                                  6 Chaâbane 1446 
decret06-141.pdf	27	152462	                    N° 26                                                      Dimanche 24 Rabie El Aouel 1427 
decret09-19.pdf	4	9656	Décret exécutif n° 2009-19 du 23 Moharram 1430 correspondant au 20 
decret11-125.pdf	4	16080	               JOURNAL OFFICIEL DE LA REPUBLIQUE ALGERIENNE N° 18                                    18 Rabie Ethani 1432 
decret21-319.pdf	14	86433	                                                                                                           13 Moharram 1443 
decret24-196.pdf	2	13906	                                                                                                            13 Dhou El Hidja 1445 
decret91-05.pdf	8	8	
decret93-120.pdf	5	5	
loi05-12.pdf	16	107737	30 Rajab 1426                        JOURNAL OFFICIEL DE LA REPUBLIQUE ALGERIENNE N°° 60                                      3 
loi09-03.pdf	11	74845	10                                                                                                  11 Rabie El Aouel 1430 
loi18-09fr.pdf	2	12259	28 Ramadhan 1439 
loi18-11.pdf	40	262654	                         N° 46                                                           Dimanche 16 Dhou El Kaâda 1439 
loi19-02.pdf	24	146762	                        N° 46                                                           Dimanche 18 Dhou El Kaâda 1440 
loi90-29.pdf	30	30	
manuel-installation-gpl-web(1).pdf	44	84922	           ‫ﻭﺯﺍﺭﺓ ﺍﻟﻄﺎﻗﺔ‬ 
