criterion_id,file_path,current_citation,corrected_citation,legal_ref,domain,source_article_text,confidence,index_status,status,notes
SLH-05-01,src/criteria/slaughterhouseSmallCriteria.ts,"المادتان 5 وظ 8 من المرسوم التنفيذي 06-198","المادتان 20 وظ 8 من المرسوم التنفيذي 06-198",Décret 06-198,classified_establishments,"المادة 20: رخصة الاستغلال للمؤسسات المصنفة؛ المادة 5: دراسات أولية وإجراءات ما قبل الترخيص (ليست رخصة الاستغلال).",HIGH,VERIFIED,APPLIED,"Décret 06-198 Art.5→Art.20 swap — license issuance vs pre-auth studies"
GPL-01-01,src/criteria/gplCriteria.ts,"المادة 5 (رخصة الاستغلال للمؤسسات المصنفة)","المادة 20 (رخصة الاستغلال للمؤسسات المصنفة) + المادة 5 (دراسات أولية وإجراءات ما قبل الترخيص، ليست رخصة الاستغلال)",Décret 06-198,classified_establishments,"المادة 20: رخصة الاستغلال؛ المادة 5: دراسات أولية",HIGH,VERIFIED,APPLIED,"Same Art.5→Art.20 root cause"
PRD-01-01,src/criteria/produceStorageCriteria.ts,"المادة 5 (رخصة الاستغلال)","المادة 20 (رخصة الاستغلال) والمادة 5 (دراسات أولية وإجراءات ما قبل الترخيص، ليست رخصة الاستغلال)",Décret 06-198,classified_establishments,"المادة 20: رخصة الاستغلال؛ المادة 5: دراسات أولية",HIGH,VERIFIED,APPLIED,"Same Art.5→Art.20 root cause"
BFD-04-01,src/criteria/baseFoodCriteria.ts,"0–5°C","0–4°C",Arrêté 2025-05-07,food_safety,"المبردات: 0–4°C",HIGH,VERIFIED,APPLIED,"Cold-chain limit corrected from 5°C to 4°C per 2025 arrêté"
ABT-AX5-01,src/criteria/abattoirCriteria.ts,"0°C إلى 5°C","0°C إلى 4°C",Arrêté 2025-05-07,food_safety,"المبردات: 0–4°C",HIGH,VERIFIED,APPLIED,"Cold-chain limit corrected from 5°C to 4°C per 2025 arrêté"CLD-17-04,src/criteria/coldRoomCriteria.ts,"max: 5, warningMax: 7","max: 4, warningMax: 5",Arrêté 2025-05-07 + Arrêté 1999-11-21,food_safety,"Cold (réfrigéré): 0–4°C storage; liaison froide ≤ +10°C in 2h then 0–4°C",HIGH,VERIFIED,APPLIED,"Numeric field corrected to match 0–4°C legal limit; warning zone 4–5°C"
BFD-04-01,src/criteria/baseFoodCriteria.ts,"0–5°C","0–4°C",Arrêté 2025-05-07,food_safety,"Cold storage 0–4°C",HIGH,VERIFIED,APPLIED,"Text corrected (numericField already max:4)"
ABT-AX5-01,src/criteria/abattoirCriteria.ts,"0°C إلى 5°C","0–4°C",Arrêté 2025-05-07,food_safety,"Cold storage 0–4°C",HIGH,VERIFIED,APPLIED,"Text corrected (numericField already max:4)"
PRD-02-01,src/criteria/produceStorageCriteria.ts,"0 و5°م","0–4°C",Arrêté 2025-05-07,food_safety,"Vegetable cold storage 0–4°C",HIGH,VERIFIED,APPLIED,"Text + numericField.max corrected"
PRT-05-02,src/criteria/printingCriteria.ts,"Loi 90-11 Art.6","Loi 88-07 Art.5 + Décret 91-05 Art.57",Loi 88-07 + Décret 91-05,fire_safety,"Fire prevention",HIGH,VERIFIED,APPLIED,"Citation swapped"
